{
  "resourceType" : "Patient",
  "id" : "UgandaPatientExample",
  "meta" : {
    "profile" : ["http://fhir.health.go.ug/StructureDefinition/Uganda-Patient"]
  },
  "text" : {
    "status" : "generated",
    "div" : "<div xmlns=\"http://www.w3.org/1999/xhtml\"><p class=\"res-header-id\"><b>Generated Narrative: Patient UgandaPatientExample</b></p><a name=\"UgandaPatientExample\"> </a><a name=\"hcUgandaPatientExample\"> </a><a name=\"UgandaPatientExample-en-US\"> </a><p style=\"border: 1px #661aff solid; background-color: #e6e6ff; padding: 10px;\">James Pond  (no stated gender), DoB Unknown</p><hr/></div>"
  },
  "name" : [{
    "family" : "Pond",
    "given" : ["James"]
  }]
}